concelho,taxa_2009,taxa_2025,variacao_pontos
Abrantes,20.8,8.2,12.6
Aguiar da Beira,7.7,9.2,-1.5
Alandroal,14.3,7.7,6.6
Albergaria-a-Velha,15.5,3.9,11.6
Albufeira,21.4,1.2,20.2
Alcanena,19.8,3.4,16.4
Alcobaça,16.5,3.7,12.8
Alcochete,25.6,10.7,14.9
Alcácer do Sal,19.4,8.0,11.4
Alenquer,17.6,6.7,10.9
Alfândega da Fé,30.3,5.6,24.7
Alijó,23.7,11.9,11.8
Aljustrel,19.7,11.8,7.9
Almada,24.6,8.8,15.8
Almeida,22.3,6.1,16.2
Almeirim,17.5,6.8,10.7
Almodôvar,19.4,15.2,4.2
Alpiarça,20.5,5.0,15.5
Alter do Chão,27.5,5.5,22.0
Alvaiázere,19.1,7.9,11.2
Alvito,5.0,8.5,-3.5
Amadora,26.9,6.1,20.8
Amarante,8.5,6.7,1.8
Amares,19.5,5.2,14.3
Anadia,15.0,4.0,11.0
Arcos de Valdevez,13.5,6.0,7.5
Arganil,18.6,9.1,9.5
Arouca,12.2,12.5,-0.3
Arraiolos,13.7,12.0,1.7
Arruda dos Vinhos,19.1,2.9,16.2
Aveiro,21.4,5.2,16.2
Avis,14.2,10.5,3.7
Azambuja,27.6,7.9,19.7
Baião,30.3,6.5,23.8
Barcelos,14.7,6.2,8.5
Barreiro,23.1,10.5,12.6
Batalha,22.7,10.1,12.6
Beja,24.3,13.4,10.9
Benavente,22.0,8.0,14.0
Bombarral,25.2,6.3,18.9
Boticas,15.0,3.3,11.7
Braga,16.3,6.6,9.7
Cabeceiras de Basto,18.1,6.3,11.8
Cadaval,24.5,2.9,21.6
Caldas da Rainha,22.4,10.1,12.3
Caminha,18.3,6.5,11.8
Campo Maior,15.1,12.3,2.8
Cantanhede,16.1,3.9,12.2
Carrazeda de Ansiães,12.1,5.0,7.1
Carregal do Sal,24.1,5.0,19.1
Cartaxo,14.6,9.5,5.1
Cascais,17.3,9.7,7.6
Castelo Branco,17.5,6.5,11.0
Castelo de Paiva,21.3,5.9,15.4
Castro Daire,23.1,7.5,15.6
Castro Verde,13.3,8.7,4.6
Celorico da Beira,28.7,9.0,19.7
Celorico de Basto,12.3,4.5,7.8
Chamusca,26.0,9.1,16.9
Chaves,14.1,4.5,9.6
Cinfães,9.7,7.7,2.0
Coimbra,20.4,4.9,15.5
Constância,11.4,10.3,1.1
Coruche,15.3,11.1,4.2
Covilhã,17.1,8.2,8.9
Crato,10.2,6.2,4.0
Cuba,31.9,13.7,18.2
Elvas,26.8,10.1,16.7
Entroncamento,19.9,6.8,13.1
Espinho,12.1,10.0,2.1
Esposende,13.0,4.5,8.5
Estarreja,15.6,5.4,10.2
Estremoz,17.0,20.0,-3.0
Fafe,12.4,7.1,5.3
Faro,17.9,4.0,13.9
Felgueiras,12.4,7.3,5.1
Ferreira do Alentejo,5.7,8.8,-3.1
Ferreira do Zêzere,23.4,5.3,18.1
Figueira da Foz,17.9,8.4,9.5
Figueira de Castelo Rodrigo,25.4,6.4,19.0
Figueiró dos Vinhos,18.9,4.2,14.7
Fornos de Algodres,19.6,4.8,14.8
Fronteira,16.0,3.6,12.4
Fundão,12.8,6.5,6.3
Golegã,37.0,10.6,26.4
Gondomar,16.4,9.5,6.9
Gouveia,17.2,6.6,10.6
Grândola,15.4,9.8,5.6
Guarda,17.4,3.6,13.8
Guimarães,17.0,5.8,11.2
Idanha-a-Nova,17.5,3.4,14.1
Lagoa,23.0,6.1,16.9
Lagos,20.4,7.5,12.9
Lamego,14.8,4.6,10.2
Leiria,17.1,4.3,12.8
Lisboa,18.2,12.8,5.4
Loulé,22.2,15.1,7.1
Loures,23.4,1.8,21.6
Lourinhã,15.6,8.6,7.0
Lousada,21.6,8.3,13.3
Macedo de Cavaleiros,22.3,6.3,16.0
Mafra,20.4,11.5,8.9
Maia,21.6,6.6,15.0
Mangualde,16.6,3.3,13.3
Manteigas,12.4,9.0,3.4
Marco de Canaveses,14.2,5.4,8.8
Marinha Grande,14.2,6.4,7.8
Matosinhos,21.2,6.9,14.3
Mação,22.1,2.4,19.7
Mealhada,16.4,10.5,5.9
Melgaço,17.6,9.3,8.3
Mesão Frio,15.5,6.2,9.3
Mira,23.5,7.8,15.7
Miranda do Corvo,21.3,2.0,19.3
Miranda do Douro,19.9,9.3,10.6
Mirandela,18.9,5.0,13.9
Mogadouro,35.3,8.0,27.3
Moimenta da Beira,17.1,6.5,10.6
Moita,24.8,6.3,18.5
Mondim de Basto,19.8,9.2,10.6
Montalegre,14.9,4.3,10.6
Montemor-o-Novo,24.7,3.3,21.4
Montemor-o-Velho,8.4,8.0,0.4
Montijo,20.8,11.3,9.5
Monção,12.4,11.8,0.6
Mortágua,14.9,6.4,8.5
Moura,17.7,16.1,1.6
Murtosa,4.8,5.6,-0.8
Murça,14.2,6.0,8.2
Mértola,12.8,15.8,-3.0
Mêda,24.1,2.5,21.6
Nazaré,23.8,1.5,22.3
Nelas,22.7,4.5,18.2
Nisa,20.0,4.7,15.3
Odemira,17.4,16.4,1.0
Odivelas,26.3,10.6,15.7
Oeiras,22.1,5.6,16.5
Oleiros,25.5,5.1,20.4
Oliveira de Azeméis,11.0,14.2,-3.2
Oliveira de Frades,17.0,6.3,10.7
Oliveira do Bairro,14.6,6.5,8.1
Oliveira do Hospital,26.4,7.4,19.0
Ourique,26.7,10.3,16.4
Ourém,22.0,5.5,16.5
Ovar,20.0,8.9,11.1
Palmela,22.3,15.2,7.1
Paredes de Coura,7.9,12.5,-4.6
Paços de Ferreira,14.4,2.9,11.5
Pedrógão Grande,19.7,6.0,13.7
Penacova,26.5,3.2,23.3
Penafiel,17.1,2.4,14.7
Penalva do Castelo,14.2,6.1,8.1
Penamacor,27.6,4.2,23.4
Penela,7.5,8.1,-0.6
Peniche,21.7,3.9,17.8
Peso da Régua,19.1,2.8,16.3
Pinhel,28.8,8.4,20.4
Pombal,21.8,8.6,13.2
Ponte da Barca,16.8,8.1,8.7
Ponte de Lima,12.2,14.2,-2.0
Ponte de Sor,9.2,7.0,2.2
Portalegre,19.5,6.8,12.7
Portel,3.3,8.4,-5.1
Portimão,22.4,4.8,17.6
Porto de Mós,14.4,9.2,5.2
Proença-a-Nova,17.3,5.4,11.9
Póvoa de Lanhoso,19.5,5.9,13.6
Resende,14.9,5.2,9.7
Ribeira de Pena,30.1,3.1,27.0
Rio Maior,16.1,8.5,7.6
Sabrosa,24.4,5.8,18.6
Sabugal,14.4,5.6,8.8
Salvaterra de Magos,22.7,12.9,9.8
Santa Comba Dão,21.4,6.9,14.5
Santarém,13.6,7.5,6.1
Santiago do Cacém,16.7,8.8,7.9
Sardoal,8.7,6.0,2.7
Seia,11.7,6.7,5.0
Seixal,23.8,10.7,13.1
Sernancelhe,8.8,8.4,0.4
Serpa,17.8,13.2,4.6
Sertã,18.1,10.0,8.1
Sesimbra,25.5,7.1,18.4
Setúbal,20.0,7.7,12.3
Sever do Vouga,13.0,3.7,9.3
Silves,22.5,9.0,13.5
Sines,22.5,10.4,12.1
Sintra,24.7,9.6,15.1
Sobral de Monte Agraço,16.0,7.0,9.0
Soure,12.7,10.1,2.6
Sátão,14.0,7.2,6.8
São Brás de Alportel,10.6,9.1,1.5
São João da Pesqueira,16.8,7.2,9.6
Tabuaço,16.0,2.9,13.1
Tarouca,35.1,3.3,31.8
Tavira,18.1,15.4,2.7
Terras de Bouro,17.0,6.4,10.6
Tomar,11.5,5.1,6.4
Tondela,16.8,4.0,12.8
Torre de Moncorvo,28.9,7.3,21.6
Torres Novas,14.4,5.7,8.7
Torres Vedras,17.7,16.7,1.0
Trancoso,15.2,7.1,8.1
Tábua,28.4,10.6,17.8
Valença,14.5,12.4,2.1
Valpaços,28.9,5.4,23.5
Viana do Castelo,15.9,10.8,5.1
Vidigueira,32.1,13.1,19.0
Vieira do Minho,21.8,9.3,12.5
Vila Flor,24.6,6.0,18.6
Vila Franca de Xira,17.9,6.3,11.6
Vila Nova da Barquinha,7.2,2.0,5.2
Vila Nova de Cerveira,22.6,5.6,17.0
Vila Nova de Famalicão,18.5,8.5,10.0
Vila Nova de Foz Côa,27.2,3.4,23.8
Vila Nova de Paiva,20.8,14.3,6.5
Vila Nova de Poiares,27.4,7.6,19.8
Vila Pouca de Aguiar,28.0,4.1,23.9
Vila Real,20.5,6.9,13.6
Vila Real de Santo António,21.4,17.3,4.1
Vila Verde,14.6,8.1,6.5
Vila Viçosa,23.1,3.3,19.8
Vila de Rei,16.7,8.1,8.6
Vinhais,31.1,5.9,25.2
Viseu,16.3,3.7,12.6
Vizela,18.2,9.9,8.3
Vouzela,18.7,7.9,10.8
Águeda,21.4,1.5,19.9
Ílhavo,21.0,5.4,15.6
Óbidos,20.8,16.7,4.1
